{
  "$schema": "https://raw.githubusercontent.com/JanDeDobbeleer/oh-my-posh/main/themes/schema.json",
  "blocks": [
    {
      "alignment": "left",
      "segments": [
        {
          "foreground": "#757575",
          "properties": {
            "template": "\u250c"
          },
          "style": "plain",
          "type": "text"
        },
        {
          "background": "#089add",
          "foreground": "#fff",
          "leading_diamond": "\ue0c5",
          "properties": {
            "display_host": false,
            "template": " {{ if .WSL }}WSL at {{ end }}{{.Icon}} ",
            "user_info_separator": ""
          },
          "style": "diamond",
          "trailing_diamond": "\ue0c6",
          "type": "os"
        },
        {
          "background": "green",
          "foreground": "#fff",
          "leading_diamond": "\ue0c7",
          "properties": {
            "style": "folder",
            "template": " {{ .Path }} "
          },
          "style": "diamond",
          "trailing_diamond": "\ue0c6",
          "type": "path"
        },
        {
          "background": "#95ffa4",
          "background_templates": [
            "{{ if or (.Working.Changed) (.Staging.Changed) }}#ff9248{{ end }}",
            "{{ if and (gt .Ahead 0) (gt .Behind 0) }}#f26d50{{ end }}",
            "{{ if gt .Ahead 0 }}#f17c37{{ end }}",
            "{{ if gt .Behind 0 }}#89d1dc{{ end }}"
          ],
          "foreground": "#100e23",
          "leading_diamond": "\ue0c7",
          "properties": {
            "branch_ahead_icon": "\u2191",
            "branch_behind_icon": "\u2193",
            "branch_gone": "\u2262",
            "branch_icon": "\ue0a0 ",
            "branch_identical_icon": "\u2261",
            "cherry_pick_icon": "\u2714 ",
            "commit_icon": "\u25b7 ",
            "merge_icon": "\u25f4 ",
            "no_commits_icon": "[no commits]",
            "rebase_icon": "\u2c62 ",
            "tag_icon": "\u25b6 ",
            "template": " {{ .HEAD }} {{ .BranchStatus }}{{ if .Working.Changed }}{{ .Working.String }}{{ end }}{{ if and (.Staging.Changed) (.Working.Changed) }} \u2502{{ end }}{{ if .Staging.Changed }}{{ .Staging.String }}{{ end }}{{ if gt .StashCount 0}}{{ .StashCount }}{{ end }}{{ if gt .WorktreeCount 0}} \uf1bb {{ .WorktreeCount }}{{ end }} "
          },
          "style": "diamond",
          "trailing_diamond": "\ue0c6",
          "type": "git"
        },
        {
          "background": "#ffee58",
          "foreground": "#100e23",
          "leading_diamond": "\ue0c7",
          "properties": {
            "template": " {{ .WorkspaceName }}{{ if .Version }} {{ .Version }}{{ end }} "
          },
          "style": "diamond",
          "trailing_diamond": "\ue0c6",
          "type": "terraform"
        },
        {
          "type": "angular",
          "style": "diamond",
          "leading_diamond": "\ue0c7",
          "foreground": "#000000",
          "background": "#8f43f3",
          "properties": {
            "template": " \uE753 {{ .Full }} "
          },
          "trailing_diamond": "\ue0c6"
        },
        {
          "background": "#eb2e2e",
          "foreground": "#ffffff",
          "leading_diamond": "\ue0c7",
          "properties": {
            "template": " {{ if gt .Code 0 }}\u2718\u2718\u203c{{ else }}\uf42e{{ end }} "
          },
          "style": "diamond",
          "trailing_diamond": "\ue0c6",
          "type": "exit"
        },
        {
          "background": "#0cdf9f",
          "foreground": "#000000",
          "leading_diamond": "\ue0c7",
          "properties": {
            "template": "\u300c{{ .CurrentDate | date .Format }}\u300d",
            "time_format": "3h\ua78904"
          },
          "style": "diamond",
          "trailing_diamond": "\ue0c6",
          "type": "time"
        },
        {
          "type": "executiontime",
          "style": "diamond",
          "leading_diamond": "\ue0c7",
          "foreground": "#ffffff",
          "background": "#8800dd",
          "properties": {
            "always_enabled": true,
            "threshold": 200,
            "style": "austin"
          },
          "trailing_diamond": "\ue0c6"
        }
      ],
      "type": "prompt"
    },
    {
      "alignment": "left",
      "newline": true,
      "segments": [
        {
          "foreground": "#bbbbbb",
          "properties": {
            "template": "\u2514"
          },
          "style": "plain",
          "type": "text"
        },
        {
          "foreground": "#ffffff",
          "properties": {
            "template": "\u25b6\u25b6"
          },
          "style": "plain",
          "type": "text"
        }
      ],
      "type": "prompt"
    }
  ],
  "final_space": true,
  "osc99": true,
  "version": 1
}